title,type,services,status,status_display,image,location,summary,description
"Stallion Laboratories Pvt. Ltd. (Unit II), Ahmedabad, India",Healthcare,Green Building Certification,completed,completed (2021),"https://img1.wsimg.com/isteam/ip/3a858727-260f-4bbc-9d36-4f7f295c5ecf/blob-739a84e.png/:/rs=h:175,m","Ahmedabad, India",India's 1st EDGE Advanced Certified High-Rise Residential Building,"Recognized as **India’s 1st EDGE Advanced Certified** Pharmaceutical Project and **1st ‘EDGE Zero Carbon Ready’** Project, this pharmaceutical manufacturing facility was completed in 2021 with a built-up area of 11,211 m². The EDGE certification process, initiated in 2020, was successfully achieved in 2021, marking a significant accomplishment. Certified under the **EDGE Green Building Certification system** (IFC - World Bank Group) and verified by Green Business Certification Inc. (GBCI), the project sets a benchmark in sustainable, resource-efficient, and low-carbon industrial development. 

**EDGE ADVANCED – Key Achievements:** 
1. 100% Energy Savings
2. 61% Water Savings
3. 40% Reduction in Embodied Energy in Materials
4. 0.0 tCO?/year Operational CO? Emissions
5. 342.62 tCO?/year Operational CO? Savings
"
Cigna,Commercial,Green Building Certification,completed,Completed (2025),"https://img1.wsimg.com/isteam/ip/3a858727-260f-4bbc-9d36-4f7f295c5ecf/Cigna.jpg/:/rs=h:175,m","Hyderabad, India",LEED Platinum,"Cigna’s commercial interior project in Hyderabad, India, is certified under the **LEED v4 ID+C (Commercial Interiors) rating system**, incorporating comprehensive energy simulation to enhance building performance. Certified by Green Business Certification Inc. (GBCI), the project has achieved the prestigious Platinum rating level and stands as a benchmark for excellence in sustainable interior design and environmental performance. "
The Aga Hall Estate ,Healthcare, Green Building Certification,completed,completed (2021),"https://img1.wsimg.com/isteam/ip/3a858727-260f-4bbc-9d36-4f7f295c5ecf/WhatsApp%20Image%202025-11-12%20at%2010.25.55%20AM.jpeg/:/rs=h:175,m","Mumbai, India",India’s 1st EDGE Advanced Certified High-Rise Residential Building,"Recognized as **India’s 1st EDGE Advanced Certified High-Rise Residential Building**, The Aga Hall Estate in Mumbai, India, is certified under the **EDGE Green Building Certification system** (IFC – World Bank Group) by Green Business Certification Inc. (GBCI). Completed in 2025, with a total built-up area of 47,491 sq. m., the project demonstrates exemplary performance in sustainable residential development.

**EDGE ADVANCED – Key Achievements:** 
1. 40% Energy Savings
2. 49% Water Savings
3. 32% Reduction in Embodied Energy in Materials
4. 1,822 tCO?/year Operational CO? Emissions
5. 1,215 tCO?/year Operational CO? Savings 
"
Denver International Airport – Concourse A,,Green Building Certification,completed,Completed (2023) ,,"West Expansion, USA",LEED Platinum,"The Concourse A West Expansion at Denver International Airport is certified under the LEED v4 BD+C (New Construction – Campus Approach) Green Building Certification system. The project demonstrates excellence across key sustainability parameters and has achieved the prestigious PLATINUM certification, reflecting high standards in energy performance, environmental responsibility, and sustainable infrastructure development. "
